population,responder_mean,non_responder_mean,t_statistic,p_value
b_cell,9.652945046793594,10.107396505906378,-2.5516718022254357,0.010833522477374307
cd4_t_cell,30.81919892443508,29.93819432655178,3.1642995538449017,0.0015903293747436193
cd8_t_cell,24.9140260139716,24.915477397818574,-0.005653324686493448,0.9954901868773877
monocyte,19.962164272158244,20.0148371094461,-0.2191352237699624,0.8265791710341186
nk_cell,14.651665742641486,15.024094660277168,-1.7024049519459594,0.08891680276874506
