population,responder_mean,non_responder_mean,t_statistic,p_value
b_cell,9.559927774800581,10.106733083706457,-2.161993904865797,0.030980971717597925
cd4_t_cell,30.891497806657117,30.158623365367315,1.8818482399968508,0.060300476638013224
cd8_t_cell,25.029006527966136,24.92905122029029,0.2689556459639293,0.7880486429014277
monocyte,19.873304581782815,19.845154131212645,0.08029328146819818,0.9360288461875015
nk_cell,14.646263308793358,14.960438199423288,-1.0099160552080044,0.312909004635695
