population,responder_mean,non_responder_mean,t_statistic,p_value
b_cell,10.08676774772329,9.774166120812726,1.2505906465552186,0.2115373772796336
cd4_t_cell,29.975027176680108,29.83039667565862,0.3740391272200862,0.7084989426566358
cd8_t_cell,24.817742757346927,25.000818276940446,-0.4968949635305186,0.6194340047717293
monocyte,19.90096099095142,20.223309603202775,-0.9590690686145376,0.3378910552100173
nk_cell,15.219501327298259,15.171309323385437,0.15725108268052848,0.8750971044179123
