population,responder_mean,non_responder_mean,t_statistic,p_value
b_cell,9.745962318786606,10.108059928106302,-1.4420342367898042,0.149771516216106
cd4_t_cell,30.746900042213053,29.717765287736245,2.584600537178671,0.009964900008184006
cd8_t_cell,24.799045499977066,24.901903575346857,-0.28994600242090185,0.7719508175118343
monocyte,20.051023962533666,20.18452008767955,-0.40562426849264377,0.6851523658098047
nk_cell,14.657068176489608,15.087751121131044,-1.3978697850247388,0.16262666615725946
